{"cameraMode":{"drawMode":0,"name":"Shaded","section":"Shading Mode"},"sceneLighting":false,"audioPlay":false,"sceneViewState":{"showFog":true,"showMaterialUpdate":false,"showSkybox":false,"showFlares":true,"showImageEffects":true,"showParticleSystems":true},"in2DMode":false,"pivot":{"x":0.15768712759017945,"y":-0.07593359053134918,"z":-0.024704651907086374},"rotation":{"x":0.11602252721786499,"y":0.8625024557113648,"z":-0.22923654317855836,"w":0.43624377250671389},"size":0.9999999403953552,"orthographic":false}